{"cameraMode":{"drawMode":0,"name":"Shaded","section":"Shading Mode"},"sceneLighting":false,"audioPlay":false,"sceneViewState":{"showFog":true,"showMaterialUpdate":false,"showSkybox":false,"showFlares":true,"showImageEffects":true,"showParticleSystems":true},"in2DMode":false,"pivot":{"x":-0.5765496492385864,"y":0.4955121576786041,"z":2.163567066192627},"rotation":{"x":-0.26033446192741396,"y":-0.23542997241020204,"z":0.06561537086963654,"w":-0.9340785145759583},"size":0.0376027412712574,"orthographic":false}