{"cameraMode":{"drawMode":0,"name":"Shaded","section":"Shading Mode"},"sceneLighting":false,"audioPlay":false,"sceneViewState":{"showFog":true,"showMaterialUpdate":false,"showSkybox":false,"showFlares":true,"showImageEffects":true,"showParticleSystems":true},"in2DMode":false,"pivot":{"x":0.023235930129885675,"y":0.1336950808763504,"z":3.160487413406372},"rotation":{"x":-0.009895527735352517,"y":0.9805161952972412,"z":-0.18939614295959474,"w":-0.05122791603207588},"size":0.3878917098045349,"orthographic":false}