{"cameraMode":{"drawMode":0,"name":"Shaded","section":"Shading Mode"},"sceneLighting":true,"audioPlay":false,"sceneViewState":{"showFog":true,"showMaterialUpdate":false,"showSkybox":true,"showFlares":true,"showImageEffects":true,"showParticleSystems":true},"in2DMode":false,"pivot":{"x":-14.533467292785645,"y":-3.7786219120025636,"z":18.900609970092775},"rotation":{"x":-0.091095469892025,"y":0.31887075304985049,"z":-0.03080436959862709,"w":-0.9429319500923157},"size":17.053394317626954,"orthographic":false}