{"cameraMode":{"drawMode":0,"name":"Shaded","section":"Shading Mode"},"sceneLighting":true,"audioPlay":false,"sceneViewState":{"showFog":true,"showMaterialUpdate":false,"showSkybox":true,"showFlares":true,"showImageEffects":true,"showParticleSystems":true},"in2DMode":false,"pivot":{"x":-2.8441450595855715,"y":-1.614840030670166,"z":7.791377067565918},"rotation":{"x":0.19707997143268586,"y":-0.1955350637435913,"z":0.039922796189785007,"w":0.9598627090454102},"size":5.002965927124023,"orthographic":false}