{"cameraMode":{"drawMode":0,"name":"Shaded","section":"Shading Mode"},"sceneLighting":true,"audioPlay":false,"sceneViewState":{"showFog":true,"showMaterialUpdate":false,"showSkybox":true,"showFlares":true,"showImageEffects":true,"showParticleSystems":true},"in2DMode":false,"pivot":{"x":-2.666656017303467,"y":-0.915980339050293,"z":8.151161193847657},"rotation":{"x":0.15856049954891206,"y":-0.18100842833518983,"z":0.029360968619585038,"w":0.9701725244522095},"size":4.618371963500977,"orthographic":false}