{"cameraMode":{"drawMode":0,"name":"Shaded","section":"Shading Mode"},"sceneLighting":true,"audioPlay":false,"sceneViewState":{"showFog":true,"showMaterialUpdate":false,"showSkybox":true,"showFlares":true,"showImageEffects":true,"showParticleSystems":true},"in2DMode":false,"pivot":{"x":-0.7360389232635498,"y":-0.6798230409622192,"z":1.2752254009246827},"rotation":{"x":-0.08867684006690979,"y":0.9097504615783691,"z":-0.3134530782699585,"w":-0.25737154483795168},"size":1.5073950290679932,"orthographic":false}