{"cameraMode":{"drawMode":0,"name":"Shaded","section":"Shading Mode"},"sceneLighting":true,"audioPlay":false,"sceneViewState":{"showFog":true,"showMaterialUpdate":false,"showSkybox":true,"showFlares":true,"showImageEffects":true,"showParticleSystems":true},"in2DMode":false,"pivot":{"x":-8.733391761779786,"y":-9.681925773620606,"z":13.432778358459473},"rotation":{"x":-0.30486199259757998,"y":0.2886517345905304,"z":-0.0975235253572464,"w":-0.9023637175559998},"size":12.531320571899414,"orthographic":false}