{"cameraMode":{"drawMode":0,"name":"Shaded","section":"Shading Mode"},"sceneLighting":true,"audioPlay":false,"sceneViewState":{"showFog":true,"showMaterialUpdate":false,"showSkybox":true,"showFlares":true,"showImageEffects":true,"showParticleSystems":true},"in2DMode":false,"pivot":{"x":13.47749137878418,"y":-3.774418592453003,"z":-11.4071683883667},"rotation":{"x":0.03542407974600792,"y":0.9072977304458618,"z":-0.07804328203201294,"w":0.4117047190666199},"size":10.60660171508789,"orthographic":false}